연번	출강일자	의뢰 기업명	지정 협력사	출강 교육 명칭	진행시간	교육장소	지원자격	배정 주강사	주강사 계좌번호	배정 보조강사	강의시간(시간)	예정인원(명)	주강사료(원)	보조강사료(원)	인당 재료비(원)	재료비 총액(원)	로열티 마일리지(M)	정산 총 예산(원)	만족도 평점	출강 현황	정산 상태	예정 정산일(익월 말일)	만족도 조사 링크	최종 동기화 일시
1	2026-07-20	한화에어로스페이스	인사이트9교육연구소	3차 아로마 롤온 마시지 힐링 프로그램	13:30~16:00	kt 인재개발원	Prestige Associate	구경은	미등록	미배정	2	40	200000	100000	25000	1000000	0	1300000	5.0 / 5.0	출강 완료	✓ 정산 완료	2026-08-31	미등록	2026. 10. 1. 오후 3:42:39
2	2026-07-20	한화에어로스페이스	인사이트9교육연구소	4차 아로마롤온 마사지 만들기	13:30~16:00	kt 인재 개발원	Prestige Associate	구경은	미등록	미배정	2	40	200000	100000	25000	1000000	0	1300000	5.0 / 5.0	출강 완료	✓ 정산 완료	2026-08-31	미등록	2026. 10. 1. 오후 3:42:39
3	2026-07-20	한화에어로스페이스	인사이트9교육연구소	3차 드림캐쳐 만들기	13:30~16:00	kt 인재개발원	Prestige Associate	구경은	미등록	미배정	2	40	200000	100000	25000	1000000	0	1300000	5.0 / 5.0	출강 완료	✓ 정산 완료	2026-08-31	미등록	2026. 10. 1. 오후 3:42:39
4	2026-07-20	한화에어로스페이스	엑스퍼트	4차 드림캐쳐	13:30~16:00	kt 인재 개발원	Prestige Associate	구경은	미등록	미배정	2	40	200000	100000	25000	1000000	0	1300000	5.0 / 5.0	출강 완료	✓ 정산 완료	2026-08-31	미등록	2026. 10. 1. 오후 3:42:39
5	2026-07-28	한전 KPS	휴노	한전 KPS 아로마롤온 마사지	14:00~15:00	경북 경주시 외동읍 문산2산단1로 69-46 석계리	Prestige Legend	구경은	미등록	미배정	1	20	100000	50000	12000	240000	0	726000	5.0 / 5.0	출강 완료	⌛ 정산 대기	2026-08-31	미등록	2026. 10. 1. 오후 3:42:39
6	2026-07-30	한국기술센터	휴노inc	한국기술센터_꽃바구니 만들기	22:00~23:00	서울 강남구 테헤란로 305	Prestige Legend	구경은	미등록	미배정	1	20	100000	50000	15000	300000	0	450000	5.0 / 5.0	출강 완료	⌛ 정산 대기	2026-08-31	미등록	2026. 10. 1. 오후 3:42:39
7	2026-08-06	경기주택공사	다인	경기주택공사_유리볼 다육 테라리움	15:00~16:30	경기 수원시 영통구 법조로 25 광교 SK뷰레이크타워 A동(오피스동)3516호	Prestige Legend	KPCIA 운영사무국	미등록	해당없음	1.5	15	150000	0	35000	525000	0	675000	5.0 / 5.0	출강 완료	✓ 정산 완료	2026-09-30	미등록	2026. 10. 1. 오후 3:42:39
8	2026-08-13	경기주택공사	다인	경기주택공사_유리볼 다육 테라리움	15:00~16:30	경기 수원시 영통구 법조로 25 광교SK뷰레이크타워 A동(오피스동)3516호	Prestige Legend	KPCIA 운영사무국	미등록	해당없음	1.5	14	150000	0	35000	490000	0	675000	5.0 / 5.0	출강 완료	✓ 정산 완료	2026-09-30	미등록	2026. 10. 1. 오후 3:42:39
9	2026-08-10	보령발전본부	휴노	보령) 보령발전본부 꽃풍선 만들기	14:00~15:00	충청남도 보령시 오천면 오천해안로 89-37, 보령발전본부 경영지원처 노무복지부	Prestige Professional	한수현	우체국 313049-02-349132 (예금주:한수현)	한수현	1	30	100000	50000	25000	750000	0	900000	평가대기	배정 완료	-	2026-09-30	https://docs.google.com/forms/d/e/1FAIpQLSe_Pf1xAGv7kuXoDcAlodcIAm8MhrqdNs0L7hJPMRcYH5Xe1w/viewform	2026. 10. 1. 오후 3:42:39
10	2026-08-18	함안건설본부	휴노 이사라	함안)함안건설본부 - 테라리움 정원 만들기	14:00~15:00	경상남도 함안군 국우로 10-33, 한국중부발전 함안건설본부 경영기획부	Prestige Professional	한수현	우체국 313049-02-349132 (예금주:한수현)	한수현	1	30	100000	50000	20000	600000	0	750000	평가대기	배정 완료	-	2026-09-30	https://docs.google.com/forms/d/e/1FAIpQLSe_Pf1xAGv7kuXoDcAlodcIAm8MhrqdNs0L7hJPMRcYH5Xe1w/viewform	2026. 10. 1. 오후 3:42:39
11	2026-08-12	제주발전본부	휴노 이사라	제주)제주발전본부 DIY 석고 방향제 클래스	14:00~15:00	제주특별자치도 제주시 원당로 133, 제주발전본부	Prestige Associate	조애란	농협 301-0319-1416-51 (조애란 제주팩토리)	조애란	1	30	100000	50000	15000	450000	0	600000	평가대기	배정 완료	-	2026-09-30	https://docs.google.com/forms/d/e/1FAIpQLSe_Pf1xAGv7kuXoDcAlodcIAm8MhrqdNs0L7hJPMRcYH5Xe1w/viewform	2026. 10. 1. 오후 3:42:39
12	2026-08-10	인천발전본부	휴노 이사라	인천)인천발전본부-꽃바구니 만들기	14:00~15:00	인천광역시 서구 중봉대로 405번길 411, 인천발전본부 경영기획부	Prestige Legend	구경은	미등록	구경은	1	30	100000	50000	25000	750000	0	900000	5.0 / 5.0	출강 완료	✓ 정산 완료	2026-09-30	https://docs.google.com/forms/d/e/1FAIpQLSe_Pf1xAGv7kuXoDcAlodcIAm8MhrqdNs0L7hJPMRcYH5Xe1w/viewform	2026. 10. 1. 오후 3:42:39
13	2026-08-11	서울발전본부	휴노 이사라	서울)서울발전본부 -  아로마 롤온 마사지	14:00~15:00	서울특별시 마포구 토정로 56, 서울발전본부 경영기획부	Prestige Legend	KPCIA 운영사무국	미등록	미배정	1	30	100000	50000	25000	750000	0	900000	5.0 / 5.0	출강 완료	✓ 정산 완료	2026-09-30	https://docs.google.com/forms/d/e/1FAIpQLSe_Pf1xAGv7kuXoDcAlodcIAm8MhrqdNs0L7hJPMRcYH5Xe1w/viewform	2026. 10. 1. 오후 3:42:39
14	2026-08-25	한국중부발전	휴노 이사라	보령)한국중부발전(본사) - 꽃바구니 만들기	14:00~15:00, 	충청남도 보령시 보령북로 160, 한국중부발전 경영관리처 노사협력실	Prestige Legend	KPCIA 운영사무국	미등록	미배정	1	60	100000	50000	25000	1500000	0	1900000	평가대기	배정 완료	-	2026-09-30	https://docs.google.com/forms/d/e/1FAIpQLSe_Pf1xAGv7kuXoDcAlodcIAm8MhrqdNs0L7hJPMRcYH5Xe1w/viewform	2026. 10. 1. 오후 3:42:39
15	2026-09-04	경기소방재난본부	휴노 김수림	제천) 경기도 소방공무원 18명 1차	10:00~11:30	충북 제천시 백운면 금봉로 365, 스튜디오C 강의장	Prestige Professional	한수현	우체국 313049-02-349132 (예금주:한수현)	해당없음	1.5	18	150000	0	15000	270000	0	420000	평가대기	배정 완료	-	2026-10-31	미등록	2026. 10. 1. 오후 3:42:39
16	2026-10-21	경기도소방재난본부	휴노 김수림	제천) 경기도 소방공무원 18명 2차	10:00~11:30	충북 제천시 백운면 금봉로 365, 스튜디오C 강의장	Prestige Legend	미배정	-	해당없음	1.5	18	150000	0	20000	360000	0	510000	평가대기	모집 중	-	2026-11-30	미등록	2026. 10. 1. 오후 3:42:39
17	2026-11-20	경기도소방재난본부	휴노 김수림	부산) 경기도 소방공무원 18명 3차	10:00~11:30	부산 기장군 기장읍 기장해안로 268-32, 미팅룸1 부산 아난티 앳 부산코브	Prestige Legend	미배정	-	해당없음	1.5	18	150000	0	20000	360000	0	510000	평가대기	모집 중	-	2026-12-31	미등록	2026. 10. 1. 오후 3:42:39
18	2026-10-13	한전KPS	휴노 이연경	태안)한전 KPS 태안사업처  - 아로마 필로우 스프레이 만들기	13:30~14:30	충남 태안군 원북면 발전로 457번지	Prestige Associate	KPCIA 운영사무국	미등록	미배정	1	20	100000	50000	15000	300000	0	450000	평가대기	배정 완료	-	2026-11-30	https://m.site.naver.com/250m8	2026. 10. 1. 오후 3:42:39
19	2026-07-20	롯데물산	다인 김혜림	송파)롯데물산 허브티블랜딩	13:00~14:30	서울특별시 송파구 올림픽로 300	Prestige Member	KPCIA 운영사무국	미등록	해당없음	1.5	8	150000	0	35000	280000	0	430000	5.0 / 5.0	출강 완료	✓ 정산 완료	2026-08-31	미등록	2026. 10. 1. 오후 3:42:39
20	2026-08-20	롯데물산	다인 김혜림	송파)롯데물산 허브티블랜딩	13:00~14:30	서울특별시 송파구 올림픽로 300	Prestige Member	KPCIA 운영사무국	미등록	해당없음	1.5	8	150000	0	35000	280000	0	430000	5.0 / 5.0	출강 완료	✓ 정산 완료	2026-09-30	미등록	2026. 10. 1. 오후 3:42:39
21	2026-09-01	한전KPS	휴노 이연경	전남)한전KPS 한빛3 사업처 - 아로마 필로우 스프레이 만들기	13:30~14:30	전남 영광군 홍농읍 홍농로 846	Prestige Associate	KPCIA 운영사무국	미등록	미배정	1	20	100000	50000	15000	300000	0	450000	평가대기	배정 완료	-	2026-10-31	https://m.site.naver.com/250m8	2026. 10. 1. 오후 3:42:39
22	2026-09-16	한전KPS	휴노 - 이연경	강원도) 한전KPS 양양양수사업소- 아로마 롤온 마사지	13:00~14:00	강원도 양양군 서면 산얏골길 31	Prestige Associate	KPCIA 운영사무국	미등록	미배정	1	20	100000	50000	15000	300000	0	450000	평가대기	배정 완료	-	2026-10-31	https://m.site.naver.com/250m8	2026. 10. 1. 오후 3:42:39
23	2026-09-09	기상청	휴노 류현주	부산)부산지방기상청_ 샴푸바 만들기	15:00~16:30	부산지방기상청	Prestige Legend	KPCIA 운영사무국	미등록	미배정	1.5	20	150000	75000	15000	300000	0	400000	평가대기	배정 완료	-	2026-10-31	미등록	2026. 10. 1. 오후 3:42:39
24	2026-09-23	국가유산진흥원	휴노 류현주	경주)국가유산진흥원 경주사무소_테라리움	13:30~14:30	경북 경주시 용강상리길 40-9	Prestige Legend	KPCIA 운영사무국	미등록	미배정	1	20	100000	50000	15000	300000	0	450000	평가대기	배정 완료	-	2026-10-31	미등록	2026. 10. 1. 오후 3:42:39
25	2026-11-20	국가유산진흥원	휴노 류현주	경주)국가유산진흥원 경주 사무소_DIY석고방향제 만들기	13:30~14:30	국가유산진흥원 경주 사무소	Prestige Legend	미배정	-	미배정	1	20	100000	50000	15000	300000	0	450000	평가대기	모집 중	-	2026-12-31	미등록	2026. 10. 1. 오후 3:42:39
26	2026-09-14	배곧중학교	인사이트9교육연구소	배곧중학교	10:00~12:00	배곧중학교	Prestige Legend	미배정	-	미배정	6	45	600000	300000	10000	450000	0	1350000	평가대기	모집 중	-	2026-10-31	미등록	2026. 10. 1. 오후 3:42:39
27	2026-09-16	김포 하성초	인사이트9교육연구소	김포 하성초 교사연수	14:00~16:00	하성초	Prestige Legend	미배정	-	해당없음	2	16	200000	0	22000	352000	0	552000	평가대기	모집 중	-	2026-10-31	https://forms.gle/zFLAPLHdb81tk8d96	2026. 10. 1. 오후 3:42:39
28	2026-10-22	서초구보건소	인사이트9교육연구소	서초구 보건소 팝핑 도장 만들기 - 태명도장	15:30~18:00	서초구보건소	Prestige Legend	미배정	-	미배정	2.5	25	250000	125000	10000	250000	0	625000	평가대기	모집 중	-	2026-11-30	미등록	2026. 10. 1. 오후 3:42:39
29	2026-10-15	성북강북특수교육지원센터	인사이트9교육연구소	성북강북특수교육지원센터	10:00~12:00	기업 연수원 혹은 사내 교육장	Prestige Legend	미배정	-	미배정	2	25	200000	100000	10000	250000	0	550000	평가대기	모집 중	-	2026-11-30	미등록	2026. 10. 1. 오후 3:42:39
30	2026-10-16	국방과학연구소	엑스퍼트	국방과학연구소 테라리움만들기	09:00~12:00	기업 연수원 혹은 사내 교육장	Prestige Legend	미배정	-	미배정	3	30	300000	150000	20000	600000	0	1050000	평가대기	모집 중	-	2026-11-30	미등록	2026. 10. 1. 오후 3:42:39
31	2026-10-13	배곧초록유치원	은계유치원	배곧초록유치원 아로마롤온 원장님 힐링프로그램	14:00~16:00	배곧초록유치원(시흥)	Prestige Legend	KPCIA 운영사무국	미등록	미배정	2	30	200000	100000	35000	1050000	0	1350000	평가대기	배정 완료	-	2026-11-30	미등록	2026. 10. 1. 오후 3:42:39
32	2026-09-09	국가보훈부	엑스퍼트 박현지	국가보훈부 - 자개만들기	09:00~11:00	보훈교육연구원	Prestige Legend	KPCIA 운영사무국	미등록	미배정	2	35	200000	100000	20000	700000	0	1000000	평가대기	배정 완료	-	2026-10-31	미등록	2026. 10. 1. 오후 3:42:39
33	2026-09-03	국민연금공단	엑스퍼트 김은지	국민연금공단 - 석고 타블렛	09:00~00:00	청풍리조트	Prestige Legend	KPCIA 운영사무국	미등록	미배정	2	30	200000	100000	15000	450000	0	750000	평가대기	배정 완료	-	2026-10-31	미등록	2026. 10. 1. 오후 3:42:39
34	2026-09-07	경기소방재난본부	휴노 김수림	경기소방재난본부 - 허브티블랜딩 3차	09:00~11:00	기업 연수원 혹은 사내 교육장	Prestige Legend	KPCIA 운영사무국	미등록	해당없음	2	18	200000	0	30000	540000	0	740000	평가대기	배정 완료	-	2026-10-31	미등록	2026. 10. 1. 오후 3:42:39
35	2026-09-11	양평군청	플랜듀	양평군청 - 향수 & 디퓨저	09:00~00:00	양평군청	Prestige Legend	KPCIA 운영사무국	미등록	미배정	3	31	300000	150000	40000	1240000	0	1690000	평가대기	배정 완료	-	2026-10-31	미등록	2026. 10. 1. 오후 3:42:39
36	2026-09-14	서부발전	휴노 박영걸	서부발전 생화꽃바구니	09:00~00:00	서부발전 태안	Prestige Legend	KPCIA 운영사무국	미등록	미배정	3	43	300000	150000	45000	1935000	0	2385000	평가대기	배정 완료	-	2026-10-31	미등록	2026. 10. 1. 오후 3:42:39
37	2026-08-28	bytedance	다인 김성준	bytedance- 아로마롤온 & 아크릴꽃풍선	15:30~18:00	기업 연수원 혹은 사내 교육장	Prestige Legend	KPCIA 운영사무국	미등록	미배정	2.5	20	250000	125000	30000	600000	0	975000	평가대기	배정 완료	-	2026-09-30	미등록	2026. 10. 1. 오후 3:42:39
38	2026-08-14	용인교육지원청	인사이트9교육연구소	용인교육지원청 - 허브티 블랜딩	15:30~17:00	화성 ybm	Prestige Legend	KPCIA 운영사무국	미등록	미배정	1.5	20	150000	75000	35000	700000	0	925000	평가대기	배정 완료	-	2026-09-30	미등록	2026. 10. 1. 오후 3:42:39
39	2026-10-02	bytedance	다인	bytedance - 아크릴꽃풍선	15:30~17:00	기업 연수원 혹은 사내 교육장	Prestige Legend	KPCIA 운영사무국	미등록	해당없음	1.5	1	150000	0	30000	30000	0	180000	평가대기	배정 완료	-	2026-11-30	미등록	2026. 10. 1. 오후 3:42:39
40	2026-10-08	경기소방재난본부	다인	경기소방재난본부 - 아로마롤온 마사지 2차	15:30~17:00	기업 연수원 혹은 사내 교육장	Prestige Legend	KPCIA 운영사무국	미등록	미배정	1.5	20	150000	75000	30000	600000	0	825000	평가대기	배정 완료	-	2026-11-30	미등록	2026. 10. 1. 오후 3:42:39
41	2026-10-14	강릉시청	다인	강릉시청 - 아로마롤온	13:00~14:30	강릉시청	Prestige Legend	미배정	-	미배정	1.5	20	150000	75000	20000	400000	0	625000	평가대기	모집 중	-	2026-11-30	미등록	2026. 10. 1. 오후 3:42:39
